{
  "Lightify CDDR": {
    "ra": 0.9125335333362287,
    "osr": 0.0,
    "usr": 0.08746646666377131,
    "cost": 0.0024973883252120328,
    "ci_lo": 0.9119931580301274,
    "ci_hi": 0.913050523003117
  },
  "Lightify CDDR (English-only, ASCII-strict)": {
    "n": 1043220,
    "ra": 0.9577,
    "osr": 0.0,
    "usr": 0.0423,
    "cost": 0.001204,
    "ci_lo": 0.9573,
    "ci_hi": 0.9581,
    "note": "English subset = queries whose text is pure ASCII; non-English = WildChat queries containing non-ASCII characters"
  },
  "Lightify CDDR (non-English WildChat)": {
    "n": 154096,
    "ra": 0.6042,
    "osr": 0.0,
    "usr": 0.3958,
    "cost": 0.011204,
    "ci_lo": 0.6017,
    "ci_hi": 0.6066
  },
  "Lightify CDDR + action": {
    "ra": 0.40384493316718395,
    "osr": 0.5931249561519265,
    "usr": 0.00303011068088959,
    "cost": 0.01537152932070725,
    "ci_lo": 0.4029253764252712,
    "ci_hi": 0.4046049664416077
  },
  "LangGraph default (Opus)": {
    "ra": 7.516812604191375e-05,
    "osr": 0.9999248318739581,
    "usr": 0.0,
    "cost": 0.07600000000068562,
    "ci_lo": 5.929929943306529e-05,
    "ci_hi": 9.02017512502965e-05
  },
  "LangGraph keyword": {
    "ra": 0.794228925363062,
    "osr": 0.011572550604852854,
    "usr": 0.1941985240320851,
    "cost": 0.0006873899622156672,
    "ci_lo": 0.7934713976928397,
    "ci_hi": 0.7949413521576593
  },
  "LangGraph length gateway": {
    "ra": 0.3236906547644899,
    "osr": 0.6208503018417861,
    "usr": 0.05545904339372396,
    "cost": 0.01957789505864363,
    "ci_lo": 0.32291224705925586,
    "ci_hi": 0.3245074817341454
  }
}
