{
  "CDDR only": {
    "ra": 0.7016,
    "osr": 0.0,
    "usr": 0.2984,
    "avg_cost": 0.016127199999999946,
    "per_tier": {
      "SMALL": 0.522,
      "MID": 0.3544,
      "FRONTIER": 0.1236
    }
  },
  "CDDR + action_router": {
    "ra": 0.7048,
    "osr": 0.084,
    "usr": 0.2112,
    "avg_cost": 0.017419200000000218,
    "per_tier": {
      "SMALL": 0.355,
      "MID": 0.5544,
      "FRONTIER": 0.0906
    }
  },
  "Always Opus (upper bound)": {
    "ra": 0.3,
    "osr": 0.7,
    "usr": 0.0,
    "avg_cost": 0.07600000000000387,
    "per_tier": {
      "SMALL": 0.0,
      "MID": 0.0,
      "FRONTIER": 1.0
    }
  }
}